"filename", "language", "JSON with Comments", "Properties", "JavaScript", "TypeScript", "JSON", "Markdown", "TypeScript JSX", "XML", "CSS", "comment", "blank", "total"
"c:\Users\User\dev\Meeting-App\HaMeetz\.env", "Properties", 0, 6, 0, 0, 0, 0, 0, 0, 0, 0, 2, 8
"c:\Users\User\dev\Meeting-App\HaMeetz\.eslintrc.json", "JSON with Comments", 8, 0, 0, 0, 0, 0, 0, 0, 0, 0, 1, 9
"c:\Users\User\dev\Meeting-App\HaMeetz\.next\app-build-manifest.json", "JSON", 0, 0, 0, 0, 45, 0, 0, 0, 0, 0, 0, 45
"c:\Users\User\dev\Meeting-App\HaMeetz\.next\build-manifest.json", "JSON", 0, 0, 0, 0, 19, 0, 0, 0, 0, 0, 0, 19
"c:\Users\User\dev\Meeting-App\HaMeetz\.next\package.json", "JSON", 0, 0, 0, 0, 1, 0, 0, 0, 0, 0, 0, 1
"c:\Users\User\dev\Meeting-App\HaMeetz\.next\react-loadable-manifest.json", "JSON", 0, 0, 0, 0, 1, 0, 0, 0, 0, 0, 0, 1
"c:\Users\User\dev\Meeting-App\HaMeetz\.next\server\app-paths-manifest.json", "JSON", 0, 0, 0, 0, 7, 0, 0, 0, 0, 0, 0, 7
"c:\Users\User\dev\Meeting-App\HaMeetz\.next\server\app\(root)\(home)\page.js", "JavaScript", 0, 0, 338, 0, 0, 0, 0, 0, 0, 194, 202, 734
"c:\Users\User\dev\Meeting-App\HaMeetz\.next\server\app\(root)\(home)\page_client-reference-manifest.js", "JavaScript", 0, 0, 1, 0, 0, 0, 0, 0, 0, 0, 0, 1
"c:\Users\User\dev\Meeting-App\HaMeetz\.next\server\app\(root)\(home)\personal-room\page.js", "JavaScript", 0, 0, 318, 0, 0, 0, 0, 0, 0, 179, 189, 686
"c:\Users\User\dev\Meeting-App\HaMeetz\.next\server\app\(root)\(home)\personal-room\page_client-reference-manifest.js", "JavaScript", 0, 0, 1, 0, 0, 0, 0, 0, 0, 0, 0, 1
"c:\Users\User\dev\Meeting-App\HaMeetz\.next\server\app\(root)\(home)\previous\page.js", "JavaScript", 0, 0, 328, 0, 0, 0, 0, 0, 0, 185, 195, 708
"c:\Users\User\dev\Meeting-App\HaMeetz\.next\server\app\(root)\(home)\previous\page_client-reference-manifest.js", "JavaScript", 0, 0, 1, 0, 0, 0, 0, 0, 0, 0, 0, 1
"c:\Users\User\dev\Meeting-App\HaMeetz\.next\server\app\(root)\(home)\recordings\page.js", "JavaScript", 0, 0, 328, 0, 0, 0, 0, 0, 0, 185, 195, 708
"c:\Users\User\dev\Meeting-App\HaMeetz\.next\server\app\(root)\(home)\recordings\page_client-reference-manifest.js", "JavaScript", 0, 0, 1, 0, 0, 0, 0, 0, 0, 0, 0, 1
"c:\Users\User\dev\Meeting-App\HaMeetz\.next\server\app\(root)\(home)\upcoming\page.js", "JavaScript", 0, 0, 328, 0, 0, 0, 0, 0, 0, 185, 195, 708
"c:\Users\User\dev\Meeting-App\HaMeetz\.next\server\app\(root)\(home)\upcoming\page_client-reference-manifest.js", "JavaScript", 0, 0, 1, 0, 0, 0, 0, 0, 0, 0, 0, 1
"c:\Users\User\dev\Meeting-App\HaMeetz\.next\server\edge-runtime-webpack.js", "JavaScript", 0, 0, 1061, 0, 0, 0, 0, 0, 0, 106, 0, 1167
"c:\Users\User\dev\Meeting-App\HaMeetz\.next\server\interception-route-rewrite-manifest.js", "JavaScript", 0, 0, 1, 0, 0, 0, 0, 0, 0, 0, 0, 1
"c:\Users\User\dev\Meeting-App\HaMeetz\.next\server\middleware-build-manifest.js", "JavaScript", 0, 0, 20, 0, 0, 0, 0, 0, 0, 0, 1, 21
"c:\Users\User\dev\Meeting-App\HaMeetz\.next\server\middleware-manifest.json", "JSON", 0, 0, 0, 0, 29, 0, 0, 0, 0, 0, 0, 29
"c:\Users\User\dev\Meeting-App\HaMeetz\.next\server\middleware-react-loadable-manifest.js", "JavaScript", 0, 0, 1, 0, 0, 0, 0, 0, 0, 0, 0, 1
"c:\Users\User\dev\Meeting-App\HaMeetz\.next\server\middleware.js", "JavaScript", 0, 0, 703, 0, 0, 0, 0, 0, 0, 435, 427, 1565
"c:\Users\User\dev\Meeting-App\HaMeetz\.next\server\next-font-manifest.js", "JavaScript", 0, 0, 1, 0, 0, 0, 0, 0, 0, 0, 0, 1
"c:\Users\User\dev\Meeting-App\HaMeetz\.next\server\next-font-manifest.json", "JSON", 0, 0, 0, 0, 1, 0, 0, 0, 0, 0, 0, 1
"c:\Users\User\dev\Meeting-App\HaMeetz\.next\server\pages-manifest.json", "JSON", 0, 0, 0, 0, 1, 0, 0, 0, 0, 0, 0, 1
"c:\Users\User\dev\Meeting-App\HaMeetz\.next\server\server-reference-manifest.js", "JavaScript", 0, 0, 1, 0, 0, 0, 0, 0, 0, 0, 0, 1
"c:\Users\User\dev\Meeting-App\HaMeetz\.next\server\server-reference-manifest.json", "JSON", 0, 0, 0, 0, 54, 0, 0, 0, 0, 0, 0, 54
"c:\Users\User\dev\Meeting-App\HaMeetz\.next\server\static\webpack\633457081244afec._.hot-update.json", "JSON", 0, 0, 0, 0, 1, 0, 0, 0, 0, 0, 0, 1
"c:\Users\User\dev\Meeting-App\HaMeetz\.next\server\vendor-chunks\@babel.js", "JavaScript", 0, 0, 10, 0, 0, 0, 0, 0, 0, 11, 4, 25
"c:\Users\User\dev\Meeting-App\HaMeetz\.next\server\vendor-chunks\@clerk.js", "JavaScript", 0, 0, 818, 0, 0, 0, 0, 0, 0, 536, 587, 1941
"c:\Users\User\dev\Meeting-App\HaMeetz\.next\server\vendor-chunks\@floating-ui.js", "JavaScript", 0, 0, 34, 0, 0, 0, 0, 0, 0, 29, 22, 85
"c:\Users\User\dev\Meeting-App\HaMeetz\.next\server\vendor-chunks\@kurkle.js", "JavaScript", 0, 0, 10, 0, 0, 0, 0, 0, 0, 11, 4, 25
"c:\Users\User\dev\Meeting-App\HaMeetz\.next\server\vendor-chunks\@protobuf-ts.js", "JavaScript", 0, 0, 142, 0, 0, 0, 0, 0, 0, 110, 103, 355
"c:\Users\User\dev\Meeting-App\HaMeetz\.next\server\vendor-chunks\@radix-ui.js", "JavaScript", 0, 0, 82, 0, 0, 0, 0, 0, 0, 65, 58, 205
"c:\Users\User\dev\Meeting-App\HaMeetz\.next\server\vendor-chunks\@stream-io.js", "JavaScript", 0, 0, 26, 0, 0, 0, 0, 0, 0, 23, 16, 65
"c:\Users\User\dev\Meeting-App\HaMeetz\.next\server\vendor-chunks\@swc.js", "JavaScript", 0, 0, 30, 0, 0, 0, 0, 0, 0, 26, 19, 75
"c:\Users\User\dev\Meeting-App\HaMeetz\.next\server\vendor-chunks\aria-hidden.js", "JavaScript", 0, 0, 10, 0, 0, 0, 0, 0, 0, 11, 4, 25
"c:\Users\User\dev\Meeting-App\HaMeetz\.next\server\vendor-chunks\asynckit.js", "JavaScript", 0, 0, 45, 0, 0, 0, 0, 0, 0, 38, 31, 114
"c:\Users\User\dev\Meeting-App\HaMeetz\.next\server\vendor-chunks\axios.js", "JavaScript", 0, 0, 288, 0, 0, 0, 0, 0, 0, 179, 172, 639
"c:\Users\User\dev\Meeting-App\HaMeetz\.next\server\vendor-chunks\base64-js.js", "JavaScript", 0, 0, 10, 0, 0, 0, 0, 0, 0, 11, 4, 25
"c:\Users\User\dev\Meeting-App\HaMeetz\.next\server\vendor-chunks\buffer-equal-constant-time.js", "JavaScript", 0, 0, 14, 0, 0, 0, 0, 0, 0, 14, 7, 35
"c:\Users\User\dev\Meeting-App\HaMeetz\.next\server\vendor-chunks\chart.js.js", "JavaScript", 0, 0, 14, 0, 0, 0, 0, 0, 0, 14, 7, 35
"c:\Users\User\dev\Meeting-App\HaMeetz\.next\server\vendor-chunks\class-variance-authority.js", "JavaScript", 0, 0, 14, 0, 0, 0, 0, 0, 0, 14, 7, 35
"c:\Users\User\dev\Meeting-App\HaMeetz\.next\server\vendor-chunks\classnames.js", "JavaScript", 0, 0, 9, 0, 0, 0, 0, 0, 0, 11, 4, 24
"c:\Users\User\dev\Meeting-App\HaMeetz\.next\server\vendor-chunks\clsx.js", "JavaScript", 0, 0, 10, 0, 0, 0, 0, 0, 0, 11, 4, 25
"c:\Users\User\dev\Meeting-App\HaMeetz\.next\server\vendor-chunks\combined-stream.js", "JavaScript", 0, 0, 9, 0, 0, 0, 0, 0, 0, 11, 4, 24
"c:\Users\User\dev\Meeting-App\HaMeetz\.next\server\vendor-chunks\cookie.js", "JavaScript", 0, 0, 14, 0, 0, 0, 0, 0, 0, 14, 7, 35
"c:\Users\User\dev\Meeting-App\HaMeetz\.next\server\vendor-chunks\crypto-js.js", "JavaScript", 0, 0, 85, 0, 0, 0, 0, 0, 0, 68, 61, 214
"c:\Users\User\dev\Meeting-App\HaMeetz\.next\server\vendor-chunks\date-fns.js", "JavaScript", 0, 0, 518, 0, 0, 0, 0, 0, 0, 392, 385, 1295
"c:\Users\User\dev\Meeting-App\HaMeetz\.next\server\vendor-chunks\debug.js", "JavaScript", 0, 0, 21, 0, 0, 0, 0, 0, 0, 20, 13, 54
"c:\Users\User\dev\Meeting-App\HaMeetz\.next\server\vendor-chunks\delayed-stream.js", "JavaScript", 0, 0, 9, 0, 0, 0, 0, 0, 0, 11, 4, 24
"c:\Users\User\dev\Meeting-App\HaMeetz\.next\server\vendor-chunks\dot-case.js", "JavaScript", 0, 0, 14, 0, 0, 0, 0, 0, 0, 14, 7, 35
"c:\Users\User\dev\Meeting-App\HaMeetz\.next\server\vendor-chunks\ecdsa-sig-formatter.js", "JavaScript", 0, 0, 22, 0, 0, 0, 0, 0, 0, 20, 13, 55
"c:\Users\User\dev\Meeting-App\HaMeetz\.next\server\vendor-chunks\follow-redirects.js", "JavaScript", 0, 0, 13, 0, 0, 0, 0, 0, 0, 14, 7, 34
"c:\Users\User\dev\Meeting-App\HaMeetz\.next\server\vendor-chunks\get-nonce.js", "JavaScript", 0, 0, 10, 0, 0, 0, 0, 0, 0, 11, 4, 25
"c:\Users\User\dev\Meeting-App\HaMeetz\.next\server\vendor-chunks\has-flag.js", "JavaScript", 0, 0, 10, 0, 0, 0, 0, 0, 0, 11, 4, 25
"c:\Users\User\dev\Meeting-App\HaMeetz\.next\server\vendor-chunks\i18next.js", "JavaScript", 0, 0, 10, 0, 0, 0, 0, 0, 0, 11, 4, 25
"c:\Users\User\dev\Meeting-App\HaMeetz\.next\server\vendor-chunks\isomorphic-ws.js", "JavaScript", 0, 0, 10, 0, 0, 0, 0, 0, 0, 11, 4, 25
"c:\Users\User\dev\Meeting-App\HaMeetz\.next\server\vendor-chunks\jsonwebtoken.js", "JavaScript", 0, 0, 101, 0, 0, 0, 0, 0, 0, 80, 73, 254
"c:\Users\User\dev\Meeting-App\HaMeetz\.next\server\vendor-chunks\jwa.js", "JavaScript", 0, 0, 13, 0, 0, 0, 0, 0, 0, 14, 7, 34
"c:\Users\User\dev\Meeting-App\HaMeetz\.next\server\vendor-chunks\jws.js", "JavaScript", 0, 0, 45, 0, 0, 0, 0, 0, 0, 38, 31, 114
"c:\Users\User\dev\Meeting-App\HaMeetz\.next\server\vendor-chunks\lodash.includes.js", "JavaScript", 0, 0, 13, 0, 0, 0, 0, 0, 0, 14, 7, 34
"c:\Users\User\dev\Meeting-App\HaMeetz\.next\server\vendor-chunks\lodash.isboolean.js", "JavaScript", 0, 0, 13, 0, 0, 0, 0, 0, 0, 14, 7, 34
"c:\Users\User\dev\Meeting-App\HaMeetz\.next\server\vendor-chunks\lodash.isinteger.js", "JavaScript", 0, 0, 13, 0, 0, 0, 0, 0, 0, 14, 7, 34
"c:\Users\User\dev\Meeting-App\HaMeetz\.next\server\vendor-chunks\lodash.isnumber.js", "JavaScript", 0, 0, 13, 0, 0, 0, 0, 0, 0, 14, 7, 34
"c:\Users\User\dev\Meeting-App\HaMeetz\.next\server\vendor-chunks\lodash.isplainobject.js", "JavaScript", 0, 0, 13, 0, 0, 0, 0, 0, 0, 14, 7, 34
"c:\Users\User\dev\Meeting-App\HaMeetz\.next\server\vendor-chunks\lodash.isstring.js", "JavaScript", 0, 0, 13, 0, 0, 0, 0, 0, 0, 14, 7, 34
"c:\Users\User\dev\Meeting-App\HaMeetz\.next\server\vendor-chunks\lodash.once.js", "JavaScript", 0, 0, 13, 0, 0, 0, 0, 0, 0, 14, 7, 34
"c:\Users\User\dev\Meeting-App\HaMeetz\.next\server\vendor-chunks\lower-case.js", "JavaScript", 0, 0, 14, 0, 0, 0, 0, 0, 0, 14, 7, 35
"c:\Users\User\dev\Meeting-App\HaMeetz\.next\server\vendor-chunks\lucide-react.js", "JavaScript", 0, 0, 22, 0, 0, 0, 0, 0, 0, 20, 13, 55
"c:\Users\User\dev\Meeting-App\HaMeetz\.next\server\vendor-chunks\map-obj.js", "JavaScript", 0, 0, 14, 0, 0, 0, 0, 0, 0, 14, 7, 35
"c:\Users\User\dev\Meeting-App\HaMeetz\.next\server\vendor-chunks\mime-db.js", "JavaScript", 0, 0, 14, 0, 0, 0, 0, 0, 0, 14, 7, 35
"c:\Users\User\dev\Meeting-App\HaMeetz\.next\server\vendor-chunks\mime-types.js", "JavaScript", 0, 0, 10, 0, 0, 0, 0, 0, 0, 11, 4, 25
"c:\Users\User\dev\Meeting-App\HaMeetz\.next\server\vendor-chunks\ms.js", "JavaScript", 0, 0, 13, 0, 0, 0, 0, 0, 0, 14, 7, 34
"c:\Users\User\dev\Meeting-App\HaMeetz\.next\server\vendor-chunks\next.js", "JavaScript", 0, 0, 1720, 0, 0, 0, 0, 0, 0, 1059, 1047, 3826
"c:\Users\User\dev\Meeting-App\HaMeetz\.next\server\vendor-chunks\no-case.js", "JavaScript", 0, 0, 14, 0, 0, 0, 0, 0, 0, 14, 7, 35
"c:\Users\User\dev\Meeting-App\HaMeetz\.next\server\vendor-chunks\proxy-from-env.js", "JavaScript", 0, 0, 10, 0, 0, 0, 0, 0, 0, 11, 4, 25
"c:\Users\User\dev\Meeting-App\HaMeetz\.next\server\vendor-chunks\react-chartjs-2.js", "JavaScript", 0, 0, 10, 0, 0, 0, 0, 0, 0, 11, 4, 25
"c:\Users\User\dev\Meeting-App\HaMeetz\.next\server\vendor-chunks\react-datepicker.js", "JavaScript", 0, 0, 14, 0, 0, 0, 0, 0, 0, 14, 7, 35
"c:\Users\User\dev\Meeting-App\HaMeetz\.next\server\vendor-chunks\react-onclickoutside.js", "JavaScript", 0, 0, 10, 0, 0, 0, 0, 0, 0, 11, 4, 25
"c:\Users\User\dev\Meeting-App\HaMeetz\.next\server\vendor-chunks\react-remove-scroll-bar.js", "JavaScript", 0, 0, 22, 0, 0, 0, 0, 0, 0, 20, 13, 55
"c:\Users\User\dev\Meeting-App\HaMeetz\.next\server\vendor-chunks\react-remove-scroll.js", "JavaScript", 0, 0, 34, 0, 0, 0, 0, 0, 0, 29, 22, 85
"c:\Users\User\dev\Meeting-App\HaMeetz\.next\server\vendor-chunks\react-style-singleton.js", "JavaScript", 0, 0, 22, 0, 0, 0, 0, 0, 0, 20, 13, 55
"c:\Users\User\dev\Meeting-App\HaMeetz\.next\server\vendor-chunks\rxjs.js", "JavaScript", 0, 0, 302, 0, 0, 0, 0, 0, 0, 230, 223, 755
"c:\Users\User\dev\Meeting-App\HaMeetz\.next\server\vendor-chunks\safe-buffer.js", "JavaScript", 0, 0, 13, 0, 0, 0, 0, 0, 0, 14, 7, 34
"c:\Users\User\dev\Meeting-App\HaMeetz\.next\server\vendor-chunks\sdp-transform.js", "JavaScript", 0, 0, 21, 0, 0, 0, 0, 0, 0, 20, 13, 54
"c:\Users\User\dev\Meeting-App\HaMeetz\.next\server\vendor-chunks\sdp.js", "JavaScript", 0, 0, 10, 0, 0, 0, 0, 0, 0, 11, 4, 25
"c:\Users\User\dev\Meeting-App\HaMeetz\.next\server\vendor-chunks\semver.js", "JavaScript", 0, 0, 367, 0, 0, 0, 0, 0, 0, 278, 271, 916
"c:\Users\User\dev\Meeting-App\HaMeetz\.next\server\vendor-chunks\snake-case.js", "JavaScript", 0, 0, 14, 0, 0, 0, 0, 0, 0, 14, 7, 35
"c:\Users\User\dev\Meeting-App\HaMeetz\.next\server\vendor-chunks\snakecase-keys.js", "JavaScript", 0, 0, 14, 0, 0, 0, 0, 0, 0, 14, 7, 35
"c:\Users\User\dev\Meeting-App\HaMeetz\.next\server\vendor-chunks\supports-color.js", "JavaScript", 0, 0, 10, 0, 0, 0, 0, 0, 0, 11, 4, 25
"c:\Users\User\dev\Meeting-App\HaMeetz\.next\server\vendor-chunks\swr.js", "JavaScript", 0, 0, 18, 0, 0, 0, 0, 0, 0, 17, 10, 45
"c:\Users\User\dev\Meeting-App\HaMeetz\.next\server\vendor-chunks\tabbable.js", "JavaScript", 0, 0, 10, 0, 0, 0, 0, 0, 0, 11, 4, 25
"c:\Users\User\dev\Meeting-App\HaMeetz\.next\server\vendor-chunks\tailwind-merge.js", "JavaScript", 0, 0, 10, 0, 0, 0, 0, 0, 0, 11, 4, 25
"c:\Users\User\dev\Meeting-App\HaMeetz\.next\server\vendor-chunks\tslib.js", "JavaScript", 0, 0, 18, 0, 0, 0, 0, 0, 0, 17, 10, 45
"c:\Users\User\dev\Meeting-App\HaMeetz\.next\server\vendor-chunks\ua-parser-js.js", "JavaScript", 0, 0, 9, 0, 0, 0, 0, 0, 0, 11, 4, 24
"c:\Users\User\dev\Meeting-App\HaMeetz\.next\server\vendor-chunks\use-callback-ref.js", "JavaScript", 0, 0, 18, 0, 0, 0, 0, 0, 0, 17, 10, 45
"c:\Users\User\dev\Meeting-App\HaMeetz\.next\server\vendor-chunks\use-sidecar.js", "JavaScript", 0, 0, 14, 0, 0, 0, 0, 0, 0, 14, 7, 35
"c:\Users\User\dev\Meeting-App\HaMeetz\.next\server\vendor-chunks\use-sync-external-store.js", "JavaScript", 0, 0, 14, 0, 0, 0, 0, 0, 0, 14, 7, 35
"c:\Users\User\dev\Meeting-App\HaMeetz\.next\server\vendor-chunks\uuid.js", "JavaScript", 0, 0, 30, 0, 0, 0, 0, 0, 0, 26, 19, 75
"c:\Users\User\dev\Meeting-App\HaMeetz\.next\server\vendor-chunks\webrtc-adapter.js", "JavaScript", 0, 0, 50, 0, 0, 0, 0, 0, 0, 41, 34, 125
"c:\Users\User\dev\Meeting-App\HaMeetz\.next\server\vendor-chunks\ws.js", "JavaScript", 0, 0, 62, 0, 0, 0, 0, 0, 0, 50, 43, 155
"c:\Users\User\dev\Meeting-App\HaMeetz\.next\server\vendor-chunks\yallist.js", "JavaScript", 0, 0, 22, 0, 0, 0, 0, 0, 0, 20, 13, 55
"c:\Users\User\dev\Meeting-App\HaMeetz\.next\server\webpack-runtime.js", "JavaScript", 0, 0, 185, 0, 0, 0, 0, 0, 0, 40, 0, 225
"c:\Users\User\dev\Meeting-App\HaMeetz\.next\static\chunks\app-pages-internals.js", "JavaScript", 0, 0, 63, 0, 0, 0, 0, 0, 0, 41, 34, 138
"c:\Users\User\dev\Meeting-App\HaMeetz\.next\static\chunks\app\(root)\(home)\layout.js", "JavaScript", 0, 0, 858, 0, 0, 0, 0, 0, 0, 515, 516, 1889
"c:\Users\User\dev\Meeting-App\HaMeetz\.next\static\chunks\app\(root)\(home)\page.js", "JavaScript", 0, 0, 2299, 0, 0, 0, 0, 0, 0, 1391, 1385, 5075
"c:\Users\User\dev\Meeting-App\HaMeetz\.next\static\chunks\app\(root)\(home)\personal-room\page.js", "JavaScript", 0, 0, 1294, 0, 0, 0, 0, 0, 0, 785, 779, 2858
"c:\Users\User\dev\Meeting-App\HaMeetz\.next\static\chunks\app\(root)\(home)\previous\page.js", "JavaScript", 0, 0, 1383, 0, 0, 0, 0, 0, 0, 839, 833, 3055
"c:\Users\User\dev\Meeting-App\HaMeetz\.next\static\chunks\app\(root)\(home)\recordings\page.js", "JavaScript", 0, 0, 1383, 0, 0, 0, 0, 0, 0, 839, 833, 3055
"c:\Users\User\dev\Meeting-App\HaMeetz\.next\static\chunks\app\(root)\(home)\upcoming\page.js", "JavaScript", 0, 0, 1383, 0, 0, 0, 0, 0, 0, 839, 833, 3055
"c:\Users\User\dev\Meeting-App\HaMeetz\.next\static\chunks\app\(root)\layout.js", "JavaScript", 0, 0, 1375, 0, 0, 0, 0, 0, 0, 839, 812, 3026
"c:\Users\User\dev\Meeting-App\HaMeetz\.next\static\chunks\app\layout.js", "JavaScript", 0, 0, 592, 0, 0, 0, 0, 0, 0, 356, 357, 1305
"c:\Users\User\dev\Meeting-App\HaMeetz\.next\static\chunks\main-app.js", "JavaScript", 0, 0, 905, 0, 0, 0, 0, 0, 0, 551, 544, 2000
"c:\Users\User\dev\Meeting-App\HaMeetz\.next\static\chunks\polyfills.js", "JavaScript", 0, 0, 1, 0, 0, 0, 0, 0, 0, 0, 1, 2
"c:\Users\User\dev\Meeting-App\HaMeetz\.next\static\chunks\webpack.js", "JavaScript", 0, 0, 1296, 0, 0, 0, 0, 0, 0, 124, 0, 1420
"c:\Users\User\dev\Meeting-App\HaMeetz\.next\static\css\app\layout.css", "CSS", 0, 0, 0, 0, 0, 0, 0, 0, 4889, 165, 371, 5425
"c:\Users\User\dev\Meeting-App\HaMeetz\.next\static\development\_buildManifest.js", "JavaScript", 0, 0, 1, 0, 0, 0, 0, 0, 0, 0, 0, 1
"c:\Users\User\dev\Meeting-App\HaMeetz\.next\static\development\_ssgManifest.js", "JavaScript", 0, 0, 1, 0, 0, 0, 0, 0, 0, 0, 0, 1
"c:\Users\User\dev\Meeting-App\HaMeetz\.next\static\webpack\0fb1b548b8b478ef.webpack.hot-update.json", "JSON", 0, 0, 0, 0, 1, 0, 0, 0, 0, 0, 0, 1
"c:\Users\User\dev\Meeting-App\HaMeetz\.next\static\webpack\2046652643a68281.webpack.hot-update.json", "JSON", 0, 0, 0, 0, 1, 0, 0, 0, 0, 0, 0, 1
"c:\Users\User\dev\Meeting-App\HaMeetz\.next\static\webpack\2baeb94d67ee1f83.webpack.hot-update.json", "JSON", 0, 0, 0, 0, 1, 0, 0, 0, 0, 0, 0, 1
"c:\Users\User\dev\Meeting-App\HaMeetz\.next\static\webpack\3b9352a00b5818e4.webpack.hot-update.json", "JSON", 0, 0, 0, 0, 1, 0, 0, 0, 0, 0, 0, 1
"c:\Users\User\dev\Meeting-App\HaMeetz\.next\static\webpack\633457081244afec._.hot-update.json", "JSON", 0, 0, 0, 0, 1, 0, 0, 0, 0, 0, 0, 1
"c:\Users\User\dev\Meeting-App\HaMeetz\.next\static\webpack\657da38d014ed1d4.webpack.hot-update.json", "JSON", 0, 0, 0, 0, 1, 0, 0, 0, 0, 0, 0, 1
"c:\Users\User\dev\Meeting-App\HaMeetz\.next\static\webpack\8016926dcc4ac1ad.webpack.hot-update.json", "JSON", 0, 0, 0, 0, 1, 0, 0, 0, 0, 0, 0, 1
"c:\Users\User\dev\Meeting-App\HaMeetz\.next\static\webpack\8a7963cfd491991b.webpack.hot-update.json", "JSON", 0, 0, 0, 0, 1, 0, 0, 0, 0, 0, 0, 1
"c:\Users\User\dev\Meeting-App\HaMeetz\.next\static\webpack\9a846cf59305c18f.webpack.hot-update.json", "JSON", 0, 0, 0, 0, 1, 0, 0, 0, 0, 0, 0, 1
"c:\Users\User\dev\Meeting-App\HaMeetz\.next\static\webpack\app\(root)\(home)\previous\page.657da38d014ed1d4.hot-update.js", "JavaScript", 0, 0, 7, 0, 0, 0, 0, 0, 0, 11, 4, 22
"c:\Users\User\dev\Meeting-App\HaMeetz\.next\static\webpack\app\layout.0fb1b548b8b478ef.hot-update.js", "JavaScript", 0, 0, 7, 0, 0, 0, 0, 0, 0, 11, 4, 22
"c:\Users\User\dev\Meeting-App\HaMeetz\.next\static\webpack\app\layout.2046652643a68281.hot-update.js", "JavaScript", 0, 0, 7, 0, 0, 0, 0, 0, 0, 11, 4, 22
"c:\Users\User\dev\Meeting-App\HaMeetz\.next\static\webpack\app\layout.3b9352a00b5818e4.hot-update.js", "JavaScript", 0, 0, 7, 0, 0, 0, 0, 0, 0, 11, 4, 22
"c:\Users\User\dev\Meeting-App\HaMeetz\.next\static\webpack\app\layout.657da38d014ed1d4.hot-update.js", "JavaScript", 0, 0, 7, 0, 0, 0, 0, 0, 0, 11, 4, 22
"c:\Users\User\dev\Meeting-App\HaMeetz\.next\static\webpack\app\layout.8016926dcc4ac1ad.hot-update.js", "JavaScript", 0, 0, 7, 0, 0, 0, 0, 0, 0, 11, 4, 22
"c:\Users\User\dev\Meeting-App\HaMeetz\.next\static\webpack\app\layout.dbe7cc5ae3dd2f35.hot-update.js", "JavaScript", 0, 0, 7, 0, 0, 0, 0, 0, 0, 11, 4, 22
"c:\Users\User\dev\Meeting-App\HaMeetz\.next\static\webpack\dbe7cc5ae3dd2f35.webpack.hot-update.json", "JSON", 0, 0, 0, 0, 1, 0, 0, 0, 0, 0, 0, 1
"c:\Users\User\dev\Meeting-App\HaMeetz\.next\static\webpack\f297dc8fa84f1710.webpack.hot-update.json", "JSON", 0, 0, 0, 0, 1, 0, 0, 0, 0, 0, 0, 1
"c:\Users\User\dev\Meeting-App\HaMeetz\.next\static\webpack\webpack.0fb1b548b8b478ef.hot-update.js", "JavaScript", 0, 0, 9, 0, 0, 0, 0, 0, 0, 9, 0, 18
"c:\Users\User\dev\Meeting-App\HaMeetz\.next\static\webpack\webpack.2046652643a68281.hot-update.js", "JavaScript", 0, 0, 9, 0, 0, 0, 0, 0, 0, 9, 0, 18
"c:\Users\User\dev\Meeting-App\HaMeetz\.next\static\webpack\webpack.2baeb94d67ee1f83.hot-update.js", "JavaScript", 0, 0, 9, 0, 0, 0, 0, 0, 0, 9, 0, 18
"c:\Users\User\dev\Meeting-App\HaMeetz\.next\static\webpack\webpack.3b9352a00b5818e4.hot-update.js", "JavaScript", 0, 0, 9, 0, 0, 0, 0, 0, 0, 9, 0, 18
"c:\Users\User\dev\Meeting-App\HaMeetz\.next\static\webpack\webpack.657da38d014ed1d4.hot-update.js", "JavaScript", 0, 0, 9, 0, 0, 0, 0, 0, 0, 9, 0, 18
"c:\Users\User\dev\Meeting-App\HaMeetz\.next\static\webpack\webpack.8016926dcc4ac1ad.hot-update.js", "JavaScript", 0, 0, 9, 0, 0, 0, 0, 0, 0, 9, 0, 18
"c:\Users\User\dev\Meeting-App\HaMeetz\.next\static\webpack\webpack.8a7963cfd491991b.hot-update.js", "JavaScript", 0, 0, 9, 0, 0, 0, 0, 0, 0, 9, 0, 18
"c:\Users\User\dev\Meeting-App\HaMeetz\.next\static\webpack\webpack.9a846cf59305c18f.hot-update.js", "JavaScript", 0, 0, 9, 0, 0, 0, 0, 0, 0, 9, 0, 18
"c:\Users\User\dev\Meeting-App\HaMeetz\.next\static\webpack\webpack.dbe7cc5ae3dd2f35.hot-update.js", "JavaScript", 0, 0, 9, 0, 0, 0, 0, 0, 0, 9, 0, 18
"c:\Users\User\dev\Meeting-App\HaMeetz\.next\static\webpack\webpack.f297dc8fa84f1710.hot-update.js", "JavaScript", 0, 0, 9, 0, 0, 0, 0, 0, 0, 9, 0, 18
"c:\Users\User\dev\Meeting-App\HaMeetz\.next\types\app\(root)\(home)\layout.ts", "TypeScript", 0, 0, 0, 52, 0, 0, 0, 0, 0, 10, 18, 80
"c:\Users\User\dev\Meeting-App\HaMeetz\.next\types\app\(root)\(home)\page.ts", "TypeScript", 0, 0, 0, 52, 0, 0, 0, 0, 0, 10, 18, 80
"c:\Users\User\dev\Meeting-App\HaMeetz\.next\types\app\(root)\(home)\personal-room\page.ts", "TypeScript", 0, 0, 0, 52, 0, 0, 0, 0, 0, 10, 18, 80
"c:\Users\User\dev\Meeting-App\HaMeetz\.next\types\app\(root)\(home)\previous\page.ts", "TypeScript", 0, 0, 0, 52, 0, 0, 0, 0, 0, 10, 18, 80
"c:\Users\User\dev\Meeting-App\HaMeetz\.next\types\app\(root)\(home)\recordings\page.ts", "TypeScript", 0, 0, 0, 52, 0, 0, 0, 0, 0, 10, 18, 80
"c:\Users\User\dev\Meeting-App\HaMeetz\.next\types\app\(root)\(home)\upcoming\page.ts", "TypeScript", 0, 0, 0, 52, 0, 0, 0, 0, 0, 10, 18, 80
"c:\Users\User\dev\Meeting-App\HaMeetz\.next\types\app\(root)\layout.ts", "TypeScript", 0, 0, 0, 52, 0, 0, 0, 0, 0, 10, 18, 80
"c:\Users\User\dev\Meeting-App\HaMeetz\.next\types\app\layout.ts", "TypeScript", 0, 0, 0, 52, 0, 0, 0, 0, 0, 10, 18, 80
"c:\Users\User\dev\Meeting-App\HaMeetz\.next\types\package.json", "JSON", 0, 0, 0, 0, 1, 0, 0, 0, 0, 0, 0, 1
"c:\Users\User\dev\Meeting-App\HaMeetz\README.md", "Markdown", 0, 0, 0, 0, 0, 3, 0, 0, 0, 0, 0, 3
"c:\Users\User\dev\Meeting-App\HaMeetz\actions\stream.actions.ts", "TypeScript", 0, 0, 0, 16, 0, 0, 0, 0, 0, 0, 9, 25
"c:\Users\User\dev\Meeting-App\HaMeetz\app\(auth)\sign-in\[[...sigin-in]]\page.tsx", "TypeScript JSX", 0, 0, 0, 0, 0, 0, 8, 0, 0, 0, 2, 10
"c:\Users\User\dev\Meeting-App\HaMeetz\app\(auth)\sign-up\[[...sign-up]]\page.tsx", "TypeScript JSX", 0, 0, 0, 0, 0, 0, 8, 0, 0, 0, 2, 10
"c:\Users\User\dev\Meeting-App\HaMeetz\app\(root)\(home)\layout.tsx", "TypeScript JSX", 0, 0, 0, 0, 0, 0, 22, 0, 0, 0, 7, 29
"c:\Users\User\dev\Meeting-App\HaMeetz\app\(root)\(home)\page.tsx", "TypeScript JSX", 0, 0, 0, 0, 0, 0, 20, 0, 0, 0, 6, 26
"c:\Users\User\dev\Meeting-App\HaMeetz\app\(root)\(home)\personal-room\page.tsx", "TypeScript JSX", 0, 0, 0, 0, 0, 0, 73, 0, 0, 0, 14, 87
"c:\Users\User\dev\Meeting-App\HaMeetz\app\(root)\(home)\previous\page.tsx", "TypeScript JSX", 0, 0, 0, 0, 0, 0, 10, 0, 0, 0, 4, 14
"c:\Users\User\dev\Meeting-App\HaMeetz\app\(root)\(home)\recordings\page.tsx", "TypeScript JSX", 0, 0, 0, 0, 0, 0, 10, 0, 0, 0, 4, 14
"c:\Users\User\dev\Meeting-App\HaMeetz\app\(root)\(home)\upcoming\page.tsx", "TypeScript JSX", 0, 0, 0, 0, 0, 0, 10, 0, 0, 0, 4, 14
"c:\Users\User\dev\Meeting-App\HaMeetz\app\(root)\layout.tsx", "TypeScript JSX", 0, 0, 0, 0, 0, 0, 10, 0, 0, 0, 4, 14
"c:\Users\User\dev\Meeting-App\HaMeetz\app\(root)\meeting\[id]\page.tsx", "TypeScript JSX", 0, 0, 0, 0, 0, 0, 38, 0, 0, 1, 11, 50
"c:\Users\User\dev\Meeting-App\HaMeetz\app\globals.css", "CSS", 0, 0, 0, 0, 0, 0, 0, 0, 87, 4, 22, 113
"c:\Users\User\dev\Meeting-App\HaMeetz\app\layout.tsx", "TypeScript JSX", 0, 0, 0, 0, 0, 0, 44, 0, 0, 0, 5, 49
"c:\Users\User\dev\Meeting-App\HaMeetz\components.json", "JSON", 0, 0, 0, 0, 17, 0, 0, 0, 0, 0, 0, 17
"c:\Users\User\dev\Meeting-App\HaMeetz\components\Alert.tsx", "TypeScript JSX", 0, 0, 0, 0, 0, 0, 32, 0, 0, 0, 6, 38
"c:\Users\User\dev\Meeting-App\HaMeetz\components\CallList.tsx", "TypeScript JSX", 0, 0, 0, 0, 0, 0, 97, 0, 0, 0, 14, 111
"c:\Users\User\dev\Meeting-App\HaMeetz\components\EndCallButton.tsx", "TypeScript JSX", 0, 0, 0, 0, 0, 0, 29, 0, 0, 1, 11, 41
"c:\Users\User\dev\Meeting-App\HaMeetz\components\HomeCard.tsx", "TypeScript JSX", 0, 0, 0, 0, 0, 0, 30, 0, 0, 0, 7, 37
"c:\Users\User\dev\Meeting-App\HaMeetz\components\Loader.tsx", "TypeScript JSX", 0, 0, 0, 0, 0, 0, 14, 0, 0, 0, 3, 17
"c:\Users\User\dev\Meeting-App\HaMeetz\components\MeetingCard.tsx", "TypeScript JSX", 0, 0, 0, 0, 0, 0, 61, 0, 0, 24, 7, 92
"c:\Users\User\dev\Meeting-App\HaMeetz\components\MeetingModal.tsx", "TypeScript JSX", 0, 0, 0, 0, 0, 0, 68, 0, 0, 0, 4, 72
"c:\Users\User\dev\Meeting-App\HaMeetz\components\MeetingRoom.tsx", "TypeScript JSX", 0, 0, 0, 0, 0, 0, 92, 0, 0, 2, 10, 104
"c:\Users\User\dev\Meeting-App\HaMeetz\components\MeetingSetup.tsx", "TypeScript JSX", 0, 0, 0, 0, 0, 0, 78, 0, 0, 2, 12, 92
"c:\Users\User\dev\Meeting-App\HaMeetz\components\MeetingTypeList.tsx", "TypeScript JSX", 0, 0, 0, 0, 0, 0, 166, 0, 0, 1, 13, 180
"c:\Users\User\dev\Meeting-App\HaMeetz\components\MobileNav.tsx", "TypeScript JSX", 0, 0, 0, 0, 0, 0, 68, 0, 0, 0, 7, 75
"c:\Users\User\dev\Meeting-App\HaMeetz\components\Navbar.tsx", "TypeScript JSX", 0, 0, 0, 0, 0, 0, 29, 0, 0, 0, 5, 34
"c:\Users\User\dev\Meeting-App\HaMeetz\components\Sidebar.tsx", "TypeScript JSX", 0, 0, 0, 0, 0, 0, 41, 0, 0, 0, 6, 47
"c:\Users\User\dev\Meeting-App\HaMeetz\components\ui\button.tsx", "TypeScript JSX", 0, 0, 0, 0, 0, 0, 53, 0, 0, 0, 6, 59
"c:\Users\User\dev\Meeting-App\HaMeetz\components\ui\card.tsx", "TypeScript JSX", 0, 0, 0, 0, 0, 0, 71, 0, 0, 0, 9, 80
"c:\Users\User\dev\Meeting-App\HaMeetz\components\ui\dialog.tsx", "TypeScript JSX", 0, 0, 0, 0, 0, 0, 109, 0, 0, 0, 14, 123
"c:\Users\User\dev\Meeting-App\HaMeetz\components\ui\dropdown-menu.tsx", "TypeScript JSX", 0, 0, 0, 0, 0, 0, 182, 0, 0, 0, 19, 201
"c:\Users\User\dev\Meeting-App\HaMeetz\components\ui\input.tsx", "TypeScript JSX", 0, 0, 0, 0, 0, 0, 21, 0, 0, 0, 5, 26
"c:\Users\User\dev\Meeting-App\HaMeetz\components\ui\popover.tsx", "TypeScript JSX", 0, 0, 0, 0, 0, 0, 25, 0, 0, 0, 7, 32
"c:\Users\User\dev\Meeting-App\HaMeetz\components\ui\sheet.tsx", "TypeScript JSX", 0, 0, 0, 0, 0, 0, 128, 0, 0, 0, 16, 144
"c:\Users\User\dev\Meeting-App\HaMeetz\components\ui\textarea.tsx", "TypeScript JSX", 0, 0, 0, 0, 0, 0, 20, 0, 0, 0, 5, 25
"c:\Users\User\dev\Meeting-App\HaMeetz\components\ui\toast.tsx", "TypeScript JSX", 0, 0, 0, 0, 0, 0, 116, 0, 0, 0, 14, 130
"c:\Users\User\dev\Meeting-App\HaMeetz\components\ui\toaster.tsx", "TypeScript JSX", 0, 0, 0, 0, 0, 0, 36, 0, 0, 0, 4, 40
"c:\Users\User\dev\Meeting-App\HaMeetz\components\ui\use-toast.ts", "TypeScript", 0, 0, 0, 160, 0, 0, 0, 0, 0, 3, 32, 195
"c:\Users\User\dev\Meeting-App\HaMeetz\constants\index.ts", "TypeScript", 0, 0, 0, 34, 0, 0, 0, 0, 0, 0, 3, 37
"c:\Users\User\dev\Meeting-App\HaMeetz\hooks\useGetCallById.ts", "TypeScript", 0, 0, 0, 22, 0, 0, 0, 0, 0, 1, 9, 32
"c:\Users\User\dev\Meeting-App\HaMeetz\hooks\useGetCalls.ts", "TypeScript", 0, 0, 0, 41, 0, 0, 0, 0, 0, 1, 10, 52
"c:\Users\User\dev\Meeting-App\HaMeetz\lib\utils.ts", "TypeScript", 0, 0, 0, 5, 0, 0, 0, 0, 0, 0, 2, 7
"c:\Users\User\dev\Meeting-App\HaMeetz\middleware.ts", "TypeScript", 0, 0, 0, 15, 0, 0, 0, 0, 0, 0, 4, 19
"c:\Users\User\dev\Meeting-App\HaMeetz\next-env.d.ts", "TypeScript", 0, 0, 0, 0, 0, 0, 0, 0, 0, 4, 2, 6
"c:\Users\User\dev\Meeting-App\HaMeetz\next.config.mjs", "JavaScript", 0, 0, 11, 0, 0, 0, 0, 0, 0, 1, 2, 14
"c:\Users\User\dev\Meeting-App\HaMeetz\package-lock.json", "JSON", 0, 0, 0, 0, 6687, 0, 0, 0, 0, 0, 1, 6688
"c:\Users\User\dev\Meeting-App\HaMeetz\package.json", "JSON", 0, 0, 0, 0, 49, 0, 0, 0, 0, 0, 1, 50
"c:\Users\User\dev\Meeting-App\HaMeetz\postcss.config.js", "JavaScript", 0, 0, 6, 0, 0, 0, 0, 0, 0, 0, 1, 7
"c:\Users\User\dev\Meeting-App\HaMeetz\providers\StreamClientProvider.tsx", "TypeScript JSX", 0, 0, 0, 0, 0, 0, 28, 0, 0, 0, 11, 39
"c:\Users\User\dev\Meeting-App\HaMeetz\public\icons\HaMeetz-logo.svg", "XML", 0, 0, 0, 0, 0, 0, 0, 1, 0, 0, 0, 1
"c:\Users\User\dev\Meeting-App\HaMeetz\public\icons\Home.svg", "XML", 0, 0, 0, 0, 0, 0, 0, 3, 0, 0, 1, 4
"c:\Users\User\dev\Meeting-App\HaMeetz\public\icons\Video.svg", "XML", 0, 0, 0, 0, 0, 0, 0, 4, 0, 0, 1, 5
"c:\Users\User\dev\Meeting-App\HaMeetz\public\icons\add-meeting.svg", "XML", 0, 0, 0, 0, 0, 0, 0, 3, 0, 0, 1, 4
"c:\Users\User\dev\Meeting-App\HaMeetz\public\icons\add-personal.svg", "XML", 0, 0, 0, 0, 0, 0, 0, 3, 0, 0, 1, 4
"c:\Users\User\dev\Meeting-App\HaMeetz\public\icons\call-ended.svg", "XML", 0, 0, 0, 0, 0, 0, 0, 6, 0, 1, 5, 12
"c:\Users\User\dev\Meeting-App\HaMeetz\public\icons\checked.svg", "XML", 0, 0, 0, 0, 0, 0, 0, 9, 0, 0, 1, 10
"c:\Users\User\dev\Meeting-App\HaMeetz\public\icons\copy.svg", "XML", 0, 0, 0, 0, 0, 0, 0, 4, 0, 0, 1, 5
"c:\Users\User\dev\Meeting-App\HaMeetz\public\icons\hamburger.svg", "XML", 0, 0, 0, 0, 0, 0, 0, 5, 0, 0, 0, 5
"c:\Users\User\dev\Meeting-App\HaMeetz\public\icons\join-meeting.svg", "XML", 0, 0, 0, 0, 0, 0, 0, 3, 0, 0, 1, 4
"c:\Users\User\dev\Meeting-App\HaMeetz\public\icons\loading-circle.svg", "XML", 0, 0, 0, 0, 0, 0, 0, 1, 0, 0, 0, 1
"c:\Users\User\dev\Meeting-App\HaMeetz\public\icons\logo.svg", "XML", 0, 0, 0, 0, 0, 0, 0, 1, 0, 0, 0, 1
"c:\Users\User\dev\Meeting-App\HaMeetz\public\icons\play.svg", "XML", 0, 0, 0, 0, 0, 0, 0, 3, 0, 0, 1, 4
"c:\Users\User\dev\Meeting-App\HaMeetz\public\icons\previous.svg", "XML", 0, 0, 0, 0, 0, 0, 0, 5, 0, 0, 1, 6
"c:\Users\User\dev\Meeting-App\HaMeetz\public\icons\recordings.svg", "XML", 0, 0, 0, 0, 0, 0, 0, 4, 0, 0, 1, 5
"c:\Users\User\dev\Meeting-App\HaMeetz\public\icons\schedule.svg", "XML", 0, 0, 0, 0, 0, 0, 0, 3, 0, 0, 1, 4
"c:\Users\User\dev\Meeting-App\HaMeetz\public\icons\share.svg", "XML", 0, 0, 0, 0, 0, 0, 0, 3, 0, 0, 1, 4
"c:\Users\User\dev\Meeting-App\HaMeetz\public\icons\three-dots.svg", "XML", 0, 0, 0, 0, 0, 0, 0, 3, 0, 0, 1, 4
"c:\Users\User\dev\Meeting-App\HaMeetz\public\icons\upcoming.svg", "XML", 0, 0, 0, 0, 0, 0, 0, 5, 0, 0, 1, 6
"c:\Users\User\dev\Meeting-App\HaMeetz\tailwind.config.ts", "TypeScript", 0, 0, 0, 66, 0, 0, 0, 0, 0, 0, 3, 69
"c:\Users\User\dev\Meeting-App\HaMeetz\tsconfig.json", "JSON with Comments", 26, 0, 0, 0, 0, 0, 0, 0, 0, 0, 1, 27
"Total", "-", 34, 6, 22138, 775, 6924, 3, 1847, 69, 4976, 13155, 12873, 62800